{
  "english_msvamp_accuracy": 0.0,
  "total_eval_samples": 100,
  "final_train_loss": 1.4431096076965333,
  "final_eval_loss": 1.5824028253555298
}